date,coin,value
2016-01-01,bitcoin,430.72
2016-01-01,ripple,0.00604
2016-01-01,ethereum,0.933712
2016-01-02,bitcoin,434.62
2016-01-02,ripple,0.005957
2016-01-02,ethereum,0.947401
2016-01-03,bitcoin,433.58
2016-01-03,ripple,0.006065999999999999
2016-01-03,ethereum,0.93843
2016-01-04,ethereum,0.972045
2016-01-04,bitcoin,430.06
2016-01-04,ripple,0.006019
2016-01-05,bitcoin,433.07
2016-01-05,ethereum,0.953147
2016-01-05,ripple,0.005954
2016-01-06,bitcoin,431.86
2016-01-06,ethereum,0.950028
2016-01-06,ripple,0.006044
2016-01-07,bitcoin,430.01
2016-01-07,ethereum,0.955801
2016-01-07,ripple,0.005998
2016-01-08,ripple,0.00604
2016-01-08,ethereum,0.942752
2016-01-08,bitcoin,457.54
2016-01-09,ripple,0.005937
2016-01-09,bitcoin,453.38
2016-01-09,ethereum,0.985501
2016-01-10,ripple,0.005982
2016-01-10,bitcoin,448.24
2016-01-10,ethereum,0.985557
2016-01-11,bitcoin,448.7
2016-01-11,ethereum,0.999216
2016-01-11,ripple,0.005963
2016-01-12,ripple,0.0058920000000000005
2016-01-12,bitcoin,448.18
2016-01-12,ethereum,1.07
2016-01-13,bitcoin,434.67
2016-01-13,ethereum,1.14
2016-01-13,ripple,0.005836
2016-01-14,ripple,0.005795000000000001
2016-01-14,bitcoin,432.29
2016-01-14,ethereum,1.12
2016-01-15,bitcoin,430.25
2016-01-15,ripple,0.005528
2016-01-15,ethereum,1.18
2016-01-16,ethereum,1.22
2016-01-16,bitcoin,365.07
2016-01-16,ripple,0.005221
2016-01-17,bitcoin,387.15
2016-01-17,ethereum,1.22
2016-01-17,ripple,0.00511
2016-01-18,ethereum,1.33
2016-01-18,ripple,0.00527
2016-01-18,bitcoin,381.73
2016-01-19,ripple,0.00533
2016-01-19,bitcoin,387.03
2016-01-19,ethereum,1.42
2016-01-20,bitcoin,379.74
2016-01-20,ripple,0.0052710000000000005
2016-01-20,ethereum,1.36
2016-01-21,ethereum,1.53
2016-01-21,bitcoin,419.63
2016-01-21,ripple,0.005370000000000001
2016-01-22,ripple,0.005314
2016-01-22,ethereum,1.55
2016-01-22,bitcoin,409.75
2016-01-23,bitcoin,382.43
2016-01-23,ripple,0.005109000000000001
2016-01-23,ethereum,1.5
2016-01-24,bitcoin,388.1
2016-01-24,ripple,0.005121
2016-01-24,ethereum,1.9
2016-01-25,bitcoin,402.32
2016-01-25,ethereum,2.15
2016-01-25,ripple,0.005218
2016-01-26,ripple,0.005138
2016-01-26,bitcoin,392.0
2016-01-26,ethereum,2.53
2016-01-27,ripple,0.005408
2016-01-27,bitcoin,392.44
2016-01-27,ethereum,2.25
2016-01-28,ripple,0.006506999999999999
2016-01-28,ethereum,2.41
2016-01-28,bitcoin,395.15
2016-01-29,ripple,0.006228
2016-01-29,ethereum,2.54
2016-01-29,bitcoin,380.11
2016-01-30,ethereum,2.51
2016-01-30,ripple,0.006823999999999999
2016-01-30,bitcoin,378.87
2016-01-31,ripple,0.006631000000000001
2016-01-31,ethereum,2.44
2016-01-31,bitcoin,378.29
2016-02-01,ripple,0.006398
2016-02-01,ethereum,2.32
2016-02-01,bitcoin,369.35
2016-02-02,bitcoin,372.92
2016-02-02,ethereum,2.22
2016-02-02,ripple,0.0065450000000000005
2016-02-03,bitcoin,374.65
2016-02-03,ethereum,2.43
2016-02-03,ripple,0.006770999999999999
2016-02-04,bitcoin,370.17
2016-02-04,ethereum,2.53
2016-02-04,ripple,0.006881999999999999
2016-02-05,ripple,0.006965000000000001
2016-02-05,ethereum,2.57
2016-02-05,bitcoin,388.9
2016-02-06,ripple,0.007273000000000002
2016-02-06,ethereum,2.53
2016-02-06,bitcoin,386.59
2016-02-07,ripple,0.007923999999999999
2016-02-07,ethereum,2.54
2016-02-07,bitcoin,376.51
2016-02-08,ripple,0.008375
2016-02-08,ethereum,2.97
2016-02-08,bitcoin,376.76
2016-02-09,bitcoin,373.42
2016-02-09,ethereum,3.17
2016-02-09,ripple,0.007999
2016-02-10,ripple,0.007826999999999999
2016-02-10,bitcoin,376.15
2016-02-10,ethereum,4.0
2016-02-11,bitcoin,382.11
2016-02-11,ethereum,4.5
2016-02-11,ripple,0.007857
2016-02-12,ethereum,5.95
2016-02-12,bitcoin,379.69
2016-02-12,ripple,0.007821999999999999
2016-02-13,ethereum,5.69
2016-02-13,ripple,0.007961
2016-02-13,bitcoin,384.64
2016-02-14,ethereum,5.4
2016-02-14,ripple,0.008263
2016-02-14,bitcoin,392.93
2016-02-15,ripple,0.008593
2016-02-15,bitcoin,407.57
2016-02-15,ethereum,5.33
2016-02-16,ethereum,5.33
2016-02-16,bitcoin,401.43
2016-02-16,ripple,0.008631
2016-02-17,ethereum,4.29
2016-02-17,bitcoin,407.66
2016-02-17,ripple,0.008456
2016-02-18,ethereum,3.77
2016-02-18,bitcoin,416.57
2016-02-18,ripple,0.008135
2016-02-19,ripple,0.007994
2016-02-19,bitcoin,422.73
2016-02-19,ethereum,4.38
2016-02-20,ripple,0.008253
2016-02-20,bitcoin,421.6
2016-02-20,ethereum,4.68
2016-02-21,ripple,0.008246
2016-02-21,bitcoin,437.77
2016-02-21,ethereum,4.36
2016-02-22,ripple,0.0081
2016-02-22,bitcoin,438.99
2016-02-22,ethereum,4.66
2016-02-23,ethereum,5.68
2016-02-23,bitcoin,438.25
2016-02-23,ripple,0.008055
2016-02-24,ripple,0.007970999999999999
2016-02-24,bitcoin,420.96
2016-02-24,ethereum,5.6
2016-02-25,ripple,0.008062999999999999
2016-02-25,bitcoin,425.04
2016-02-25,ethereum,6.19
2016-02-26,bitcoin,424.63
2016-02-26,ripple,0.008025
2016-02-26,ethereum,6.04
2016-02-27,ethereum,5.96
2016-02-27,bitcoin,432.84
2016-02-27,ripple,0.008062999999999999
2016-02-28,bitcoin,432.57
2016-02-28,ripple,0.007977
2016-02-28,ethereum,6.41
2016-02-29,ethereum,6.46
2016-02-29,bitcoin,433.44
2016-02-29,ripple,0.007895000000000001
2016-03-01,ethereum,6.32
2016-03-01,ripple,0.007923000000000001
2016-03-01,bitcoin,437.92
2016-03-02,ripple,0.008005
2016-03-02,bitcoin,435.13
2016-03-02,ethereum,7.63
2016-03-03,ethereum,8.44
2016-03-03,bitcoin,423.91
2016-03-03,ripple,0.008028
2016-03-04,ethereum,9.24
2016-03-04,ripple,0.008036
2016-03-04,bitcoin,421.84
2016-03-05,bitcoin,410.78
2016-03-05,ethereum,10.37
2016-03-05,ripple,0.008117000000000001
2016-03-06,ethereum,11.2
2016-03-06,ripple,0.007857
2016-03-06,bitcoin,400.52
2016-03-07,bitcoin,407.76
2016-03-07,ethereum,11.43
2016-03-07,ripple,0.007835
2016-03-08,bitcoin,414.46
2016-03-08,ethereum,9.58
2016-03-08,ripple,0.007911
2016-03-09,bitcoin,413.89
2016-03-09,ethereum,9.79
2016-03-09,ripple,0.007951
2016-03-10,ethereum,11.88
2016-03-10,bitcoin,414.74
2016-03-10,ripple,0.008051
2016-03-11,ripple,0.008183
2016-03-11,bitcoin,417.24
2016-03-11,ethereum,11.22
2016-03-12,bitcoin,421.61
2016-03-12,ethereum,11.13
2016-03-12,ripple,0.008801
2016-03-13,bitcoin,411.65
2016-03-13,ethereum,13.51
2016-03-13,ripple,0.008698000000000001
2016-03-14,ethereum,14.51
2016-03-14,bitcoin,414.2
2016-03-14,ripple,0.008624
2016-03-15,ripple,0.008478
2016-03-15,bitcoin,416.39
2016-03-15,ethereum,13.0
2016-03-16,ripple,0.008185
2016-03-16,ethereum,13.02
2016-03-16,bitcoin,416.89
2016-03-17,ethereum,12.56
2016-03-17,ripple,0.008183
2016-03-17,bitcoin,417.89
2016-03-18,ethereum,11.11
2016-03-18,bitcoin,420.55
2016-03-18,ripple,0.008284
2016-03-19,ethereum,11.2
2016-03-19,ripple,0.008124
2016-03-19,bitcoin,409.26
2016-03-20,ethereum,10.52
2016-03-20,bitcoin,410.4
2016-03-20,ripple,0.008015000000000001
2016-03-21,bitcoin,413.42
2016-03-21,ethereum,10.3
2016-03-21,ripple,0.007956
2016-03-22,bitcoin,413.13
2016-03-22,ethereum,11.88
2016-03-22,ripple,0.008028
2016-03-23,ethereum,11.33
2016-03-23,ripple,0.008109
2016-03-23,bitcoin,418.16
2016-03-24,bitcoin,418.42
2016-03-24,ethereum,12.44
2016-03-24,ripple,0.008334999999999999
2016-03-25,ethereum,11.26
2016-03-25,ripple,0.008234
2016-03-25,bitcoin,416.51
2016-03-26,ethereum,10.77
2016-03-26,bitcoin,417.37
2016-03-26,ripple,0.008190000000000001
2016-03-27,ethereum,10.99
2016-03-27,bitcoin,418.14
2016-03-27,ripple,0.008062
2016-03-28,bitcoin,426.55
2016-03-28,ethereum,10.43
2016-03-28,ripple,0.008025
2016-03-29,ripple,0.007573000000000002
2016-03-29,ethereum,11.75
2016-03-29,bitcoin,424.3
2016-03-30,ripple,0.007568000000000002
2016-03-30,ethereum,11.61
2016-03-30,bitcoin,416.83
2016-03-31,bitcoin,415.26
2016-03-31,ripple,0.007331999999999998
2016-03-31,ethereum,11.92
2016-04-01,ethereum,11.4
2016-04-01,bitcoin,416.76
2016-04-01,ripple,0.007391
2016-04-02,bitcoin,418.42
2016-04-02,ethereum,11.63
2016-04-02,ripple,0.007418000000000002
2016-04-03,ripple,0.007504
2016-04-03,ethereum,11.63
2016-04-03,bitcoin,421.17
2016-04-04,bitcoin,421.3
2016-04-04,ripple,0.007502
2016-04-04,ethereum,11.62
2016-04-05,ethereum,11.21
2016-04-05,ripple,0.007488
2016-04-05,bitcoin,421.02
2016-04-06,ripple,0.007467
2016-04-06,ethereum,10.45
2016-04-06,bitcoin,424.28
2016-04-07,ethereum,10.7
2016-04-07,ripple,0.007308
2016-04-07,bitcoin,423.62
2016-04-08,bitcoin,422.91
2016-04-08,ethereum,10.08
2016-04-08,ripple,0.006875
2016-04-09,bitcoin,420.81
2016-04-09,ethereum,9.69
2016-04-09,ripple,0.006673999999999999
2016-04-10,ethereum,9.15
2016-04-10,bitcoin,419.59
2016-04-10,ripple,0.006289
2016-04-11,ethereum,8.94
2016-04-11,bitcoin,421.87
2016-04-11,ripple,0.005937
2016-04-12,ripple,0.006048
2016-04-12,bitcoin,422.84
2016-04-12,ethereum,8.64
2016-04-13,ethereum,7.44
2016-04-13,bitcoin,425.63
2016-04-13,ripple,0.005884
2016-04-14,ethereum,8.08
2016-04-14,ripple,0.005697
2016-04-14,bitcoin,423.94
2016-04-15,ethereum,8.39
2016-04-15,ripple,0.006303
2016-04-15,bitcoin,424.43
2016-04-16,bitcoin,429.57
2016-04-16,ripple,0.006421
2016-04-16,ethereum,8.24
2016-04-17,ethereum,8.62
2016-04-17,bitcoin,430.64
2016-04-17,ripple,0.006499
2016-04-18,ripple,0.006503
2016-04-18,bitcoin,427.61
2016-04-18,ethereum,9.33
2016-04-19,ethereum,9.08
2016-04-19,ripple,0.006987
2016-04-19,bitcoin,428.7
2016-04-20,bitcoin,435.32
2016-04-20,ripple,0.007117
2016-04-20,ethereum,8.69
2016-04-21,ripple,0.0072650000000000015
2016-04-21,bitcoin,441.42
2016-04-21,ethereum,8.45
2016-04-22,ripple,0.007439
2016-04-22,ethereum,8.15
2016-04-22,bitcoin,449.69
2016-04-23,bitcoin,445.86
2016-04-23,ethereum,7.79
2016-04-23,ripple,0.0072819999999999985
2016-04-24,ethereum,8.29
2016-04-24,bitcoin,450.56
2016-04-24,ripple,0.007344
2016-04-25,ethereum,8.01
2016-04-25,ripple,0.00725
2016-04-25,bitcoin,459.12
2016-04-26,ripple,0.007279000000000002
2016-04-26,bitcoin,461.65
2016-04-26,ethereum,7.53
2016-04-27,ripple,0.007094
2016-04-27,bitcoin,466.26
2016-04-27,ethereum,7.39
2016-04-28,ethereum,7.74
2016-04-28,ripple,0.00672
2016-04-28,bitcoin,445.04
2016-04-29,bitcoin,449.41
2016-04-29,ripple,0.006689
2016-04-29,ethereum,7.21
2016-04-30,ethereum,7.45
2016-04-30,ripple,0.006761
2016-04-30,bitcoin,455.18
2016-05-01,bitcoin,448.48
2016-05-01,ethereum,8.78
2016-05-01,ripple,0.006812
2016-05-02,ethereum,8.89
2016-05-02,bitcoin,451.93
2016-05-02,ripple,0.006790999999999999
2016-05-03,ethereum,10.17
2016-05-03,bitcoin,444.73
2016-05-03,ripple,0.006716
2016-05-04,ethereum,9.38
2016-05-04,bitcoin,450.18
2016-05-04,ripple,0.006558
2016-05-05,ripple,0.006323
2016-05-05,bitcoin,446.71
2016-05-05,ethereum,9.4
2016-05-06,ripple,0.006198
2016-05-06,ethereum,9.81
2016-05-06,bitcoin,447.94
2016-05-07,ripple,0.0063950000000000005
2016-05-07,ethereum,9.32
2016-05-07,bitcoin,459.64
2016-05-08,ethereum,9.37
2016-05-08,ripple,0.006490000000000001
2016-05-08,bitcoin,458.43
2016-05-09,ripple,0.006402
2016-05-09,bitcoin,458.21
2016-05-09,ethereum,9.49
2016-05-10,bitcoin,460.52
2016-05-10,ripple,0.006399
2016-05-10,ethereum,9.28
2016-05-11,bitcoin,450.86
2016-05-11,ripple,0.006272
2016-05-11,ethereum,9.43
2016-05-12,ethereum,10.0
2016-05-12,ripple,0.006188
2016-05-12,bitcoin,452.45
2016-05-13,ethereum,10.06
2016-05-13,bitcoin,454.85
2016-05-13,ripple,0.006167
2016-05-14,bitcoin,455.82
2016-05-14,ethereum,10.51
2016-05-14,ripple,0.006111
2016-05-15,bitcoin,455.76
2016-05-15,ethereum,10.24
2016-05-15,ripple,0.006072
2016-05-16,ripple,0.006061
2016-05-16,ethereum,9.97
2016-05-16,bitcoin,457.59
2016-05-17,ripple,0.006022
2016-05-17,bitcoin,454.01
2016-05-17,ethereum,11.19
2016-05-18,ethereum,12.18
2016-05-18,ripple,0.006022
2016-05-18,bitcoin,453.69
2016-05-19,bitcoin,454.52
2016-05-19,ethereum,13.54
2016-05-19,ripple,0.006025
2016-05-20,ripple,0.006028
2016-05-20,ethereum,14.85
2016-05-20,bitcoin,437.79
2016-05-21,bitcoin,442.97
2016-05-21,ethereum,13.69
2016-05-21,ripple,0.00609
2016-05-22,ethereum,14.04
2016-05-22,bitcoin,443.22
2016-05-22,ripple,0.005989
2016-05-23,ethereum,14.28
2016-05-23,bitcoin,439.35
2016-05-23,ripple,0.005935
2016-05-24,bitcoin,444.29
2016-05-24,ripple,0.005911
2016-05-24,ethereum,13.31
2016-05-25,ripple,0.005961999999999999
2016-05-25,bitcoin,446.06
2016-05-25,ethereum,12.79
2016-05-26,ripple,0.005757
2016-05-26,ethereum,12.52
2016-05-26,bitcoin,449.67
2016-05-27,ripple,0.0056700000000000006
2016-05-27,ethereum,12.39
2016-05-27,bitcoin,453.52
2016-05-28,ethereum,11.33
2016-05-28,bitcoin,473.03
2016-05-28,ripple,0.005676
2016-05-29,ethereum,12.11
2016-05-29,bitcoin,527.48
2016-05-29,ripple,0.005682
2016-05-30,ethereum,12.33
2016-05-30,bitcoin,528.47
2016-05-30,ripple,0.005664
2016-05-31,ripple,0.005746
2016-05-31,ethereum,12.74
2016-05-31,bitcoin,534.19
2016-06-01,bitcoin,531.11
2016-06-01,ethereum,14.11
2016-06-01,ripple,0.005701
2016-06-02,ethereum,13.99
2016-06-02,bitcoin,536.51
2016-06-02,ripple,0.005809
2016-06-03,ripple,0.005765999999999999
2016-06-03,ethereum,13.74
2016-06-03,bitcoin,537.68
2016-06-04,bitcoin,569.71
2016-06-04,ripple,0.005829
2016-06-04,ethereum,13.86
2016-06-05,ethereum,13.76
2016-06-05,bitcoin,573.31
2016-06-05,ripple,0.005779
2016-06-06,ripple,0.005795000000000001
2016-06-06,bitcoin,574.6
2016-06-06,ethereum,14.0
2016-06-07,ripple,0.005764
2016-06-07,bitcoin,585.45
2016-06-07,ethereum,13.95
2016-06-08,ethereum,14.51
2016-06-08,ripple,0.00578
2016-06-08,bitcoin,577.17
2016-06-09,bitcoin,582.2
2016-06-09,ethereum,14.43
2016-06-09,ripple,0.005769
2016-06-10,ethereum,14.38
2016-06-10,bitcoin,575.84
2016-06-10,ripple,0.005785
2016-06-11,ethereum,13.91
2016-06-11,bitcoin,578.67
2016-06-11,ripple,0.005737
2016-06-12,ethereum,14.19
2016-06-12,bitcoin,609.68
2016-06-12,ripple,0.005765999999999999
2016-06-13,bitcoin,671.65
2016-06-13,ethereum,15.77
2016-06-13,ripple,0.005852
2016-06-14,ethereum,17.61
2016-06-14,ripple,0.005828
2016-06-14,bitcoin,704.5
2016-06-15,ripple,0.007093
2016-06-15,ethereum,18.91
2016-06-15,bitcoin,685.68
2016-06-16,ripple,0.006889
2016-06-16,ethereum,18.36
2016-06-16,bitcoin,696.52
2016-06-17,ethereum,20.65
2016-06-17,ripple,0.006681
2016-06-17,bitcoin,768.49
2016-06-18,ethereum,15.38
2016-06-18,ripple,0.006693000000000001
2016-06-18,bitcoin,748.76
2016-06-19,bitcoin,756.69
2016-06-19,ethereum,11.17
2016-06-19,ripple,0.006585
2016-06-20,ripple,0.006818
2016-06-20,bitcoin,763.93
2016-06-20,ethereum,12.24
2016-06-21,ripple,0.00663
2016-06-21,bitcoin,735.88
2016-06-21,ethereum,11.82
2016-06-22,ethereum,13.2
2016-06-22,ripple,0.006179
2016-06-22,bitcoin,665.91
2016-06-23,ripple,0.006519
2016-06-23,bitcoin,597.44
2016-06-23,ethereum,13.22
2016-06-24,bitcoin,625.58
2016-06-24,ethereum,13.68
2016-06-24,ripple,0.006379999999999999
2016-06-25,ripple,0.006427
2016-06-25,bitcoin,665.28
2016-06-25,ethereum,14.3
2016-06-26,bitcoin,665.93
2016-06-26,ripple,0.006409000000000001
2016-06-26,ethereum,14.26
2016-06-27,ethereum,13.81
2016-06-27,ripple,0.006402
2016-06-27,bitcoin,629.35
2016-06-28,ripple,0.006407
2016-06-28,ethereum,13.93
2016-06-28,bitcoin,658.1
2016-06-29,ripple,0.006775
2016-06-29,ethereum,12.17
2016-06-29,bitcoin,644.12
2016-06-30,ethereum,12.6
2016-06-30,bitcoin,640.59
2016-06-30,ripple,0.006778
2016-07-01,ripple,0.006651000000000001
2016-07-01,bitcoin,672.51
2016-07-01,ethereum,12.44
2016-07-02,ripple,0.006788
2016-07-02,ethereum,12.22
2016-07-02,bitcoin,676.73
2016-07-03,ripple,0.006714
2016-07-03,ethereum,12.12
2016-07-03,bitcoin,704.97
2016-07-04,bitcoin,658.8
2016-07-04,ripple,0.006620999999999999
2016-07-04,ethereum,11.7
2016-07-05,ripple,0.0070290000000000005
2016-07-05,ethereum,11.46
2016-07-05,bitcoin,683.21
2016-07-06,bitcoin,670.42
2016-07-06,ethereum,10.58
2016-07-06,ripple,0.006716
2016-07-07,bitcoin,678.09
2016-07-07,ethereum,10.54
2016-07-07,ripple,0.006689
2016-07-08,ethereum,10.12
2016-07-08,ripple,0.006609
2016-07-08,bitcoin,640.69
2016-07-09,ripple,0.006717
2016-07-09,bitcoin,666.38
2016-07-09,ethereum,11.42
2016-07-10,ripple,0.006672
2016-07-10,ethereum,10.96
2016-07-10,bitcoin,650.6
2016-07-11,bitcoin,648.48
2016-07-11,ripple,0.006670999999999999
2016-07-11,ethereum,10.94
2016-07-12,ripple,0.006534000000000001
2016-07-12,ethereum,10.45
2016-07-12,bitcoin,648.28
2016-07-13,ethereum,10.51
2016-07-13,bitcoin,664.8
2016-07-13,ripple,0.00635
2016-07-14,bitcoin,652.92
2016-07-14,ripple,0.006408
2016-07-14,ethereum,10.6
2016-07-15,bitcoin,659.17
2016-07-15,ripple,0.006388
2016-07-15,ethereum,11.5
2016-07-16,bitcoin,663.78
2016-07-16,ripple,0.006442
2016-07-16,ethereum,11.92
2016-07-17,ethereum,11.62
2016-07-17,ripple,0.006571
2016-07-17,bitcoin,661.99
2016-07-18,ethereum,11.17
2016-07-18,ripple,0.006538
2016-07-18,bitcoin,679.81
2016-07-19,ethereum,11.05
2016-07-19,bitcoin,672.74
2016-07-19,ripple,0.006479
2016-07-20,ethereum,11.59
2016-07-20,bitcoin,672.81
2016-07-20,ripple,0.006404000000000001
2016-07-21,ethereum,12.46
2016-07-21,bitcoin,665.23
2016-07-21,ripple,0.00639
2016-07-22,bitcoin,664.92
2016-07-22,ethereum,12.66
2016-07-22,ripple,0.006417
2016-07-23,ethereum,14.67
2016-07-23,ripple,0.006303
2016-07-23,bitcoin,650.73
2016-07-24,ethereum,14.3
2016-07-24,bitcoin,655.41
2016-07-24,ripple,0.006328
2016-07-25,ethereum,12.74
2016-07-25,bitcoin,661.26
2016-07-25,ripple,0.006293
2016-07-26,bitcoin,654.23
2016-07-26,ethereum,13.82
2016-07-26,ripple,0.006246
2016-07-27,ripple,0.0059960000000000005
2016-07-27,ethereum,12.05
2016-07-27,bitcoin,651.63
2016-07-28,ethereum,12.98
2016-07-28,bitcoin,654.49
2016-07-28,ripple,0.005973
2016-07-29,ethereum,12.84
2016-07-29,bitcoin,655.11
2016-07-29,ripple,0.005974
2016-07-30,bitcoin,657.01
2016-07-30,ripple,0.006111999999999999
2016-07-30,ethereum,12.8
2016-07-31,ripple,0.006118
2016-07-31,bitcoin,655.1
2016-07-31,ethereum,12.44
2016-08-01,ethereum,11.89
2016-08-01,bitcoin,624.6
2016-08-01,ripple,0.005942
2016-08-02,ethereum,10.95
2016-08-02,bitcoin,606.4
2016-08-02,ripple,0.005911
2016-08-03,ethereum,8.88
2016-08-03,ripple,0.005688
2016-08-03,bitcoin,548.66
2016-08-04,ripple,0.005646
2016-08-04,bitcoin,566.33
2016-08-04,ethereum,10.31
2016-08-05,ripple,0.005821
2016-08-05,bitcoin,578.28
2016-08-05,ethereum,11.02
2016-08-06,ethereum,10.92
2016-08-06,ripple,0.006448000000000001
2016-08-06,bitcoin,575.03
2016-08-07,ripple,0.006337
2016-08-07,bitcoin,587.77
2016-08-07,ethereum,10.86
2016-08-08,bitcoin,592.74
2016-08-08,ripple,0.0061600000000000005
2016-08-08,ethereum,10.91
2016-08-09,ethereum,11.27
2016-08-09,ripple,0.006027
2016-08-09,bitcoin,591.04
2016-08-10,ethereum,12.23
2016-08-10,ripple,0.006147
2016-08-10,bitcoin,587.65
2016-08-11,bitcoin,592.12
2016-08-11,ethereum,12.14
2016-08-11,ripple,0.006196
2016-08-12,ethereum,11.69
2016-08-12,bitcoin,588.8
2016-08-12,ripple,0.006188
2016-08-13,ethereum,11.77
2016-08-13,bitcoin,587.36
2016-08-13,ripple,0.006119
2016-08-14,ethereum,11.58
2016-08-14,bitcoin,585.59
2016-08-14,ripple,0.006092
2016-08-15,ethereum,11.2
2016-08-15,ripple,0.005993
2016-08-15,bitcoin,570.49
2016-08-16,ripple,0.006045
2016-08-16,ethereum,11.23
2016-08-16,bitcoin,567.24
2016-08-17,bitcoin,577.76
2016-08-17,ripple,0.006144
2016-08-17,ethereum,11.13
2016-08-18,ethereum,10.75
2016-08-18,bitcoin,573.71
2016-08-18,ripple,0.0061
2016-08-19,ethereum,10.75
2016-08-19,bitcoin,574.34
2016-08-19,ripple,0.00612
2016-08-20,ethereum,10.75
2016-08-20,bitcoin,576.08
2016-08-20,ripple,0.006126
2016-08-21,ethereum,11.25
2016-08-21,ripple,0.006116
2016-08-21,bitcoin,581.94
2016-08-22,ripple,0.006055
2016-08-22,ethereum,11.19
2016-08-22,bitcoin,581.31
2016-08-23,ethereum,11.14
2016-08-23,bitcoin,586.77
2016-08-23,ripple,0.006002
2016-08-24,bitcoin,583.41
2016-08-24,ethereum,11.02
2016-08-24,ripple,0.006015
2016-08-25,ethereum,11.03
2016-08-25,ripple,0.0060490000000000006
2016-08-25,bitcoin,580.18
2016-08-26,ethereum,11.35
2016-08-26,bitcoin,577.75
2016-08-26,ripple,0.006083
2016-08-27,bitcoin,579.45
2016-08-27,ethereum,11.29
2016-08-27,ripple,0.006018
2016-08-28,ripple,0.005974
2016-08-28,ethereum,11.15
2016-08-28,bitcoin,569.83
2016-08-29,bitcoin,574.07
2016-08-29,ripple,0.005961
2016-08-29,ethereum,10.92
2016-08-30,ripple,0.00612
2016-08-30,ethereum,10.99
2016-08-30,bitcoin,574.11
2016-08-31,ripple,0.006036
2016-08-31,ethereum,11.24
2016-08-31,bitcoin,577.59
2016-09-01,ethereum,11.67
2016-09-01,bitcoin,575.55
2016-09-01,ripple,0.006013
2016-09-02,bitcoin,572.41
2016-09-02,ethereum,11.96
2016-09-02,ripple,0.005979
2016-09-03,bitcoin,575.55
2016-09-03,ripple,0.005967
2016-09-03,ethereum,12.11
2016-09-04,ripple,0.005964
2016-09-04,ethereum,11.75
2016-09-04,bitcoin,598.59
2016-09-05,ripple,0.005947999999999999
2016-09-05,bitcoin,608.99
2016-09-05,ethereum,11.68
2016-09-06,ethereum,11.73
2016-09-06,ripple,0.005933
2016-09-06,bitcoin,606.51
2016-09-07,ethereum,11.69
2016-09-07,ripple,0.005915
2016-09-07,bitcoin,610.57
2016-09-08,bitcoin,614.63
2016-09-08,ripple,0.0058920000000000005
2016-09-08,ethereum,11.55
2016-09-09,ripple,0.005901
2016-09-09,ethereum,11.41
2016-09-09,bitcoin,626.35
2016-09-10,bitcoin,622.93
2016-09-10,ripple,0.005872
2016-09-10,ethereum,11.66
2016-09-11,ripple,0.005866
2016-09-11,ethereum,12.21
2016-09-11,bitcoin,623.42
2016-09-12,ripple,0.005843999999999999
2016-09-12,bitcoin,607.0
2016-09-12,ethereum,11.64
2016-09-13,bitcoin,608.02
2016-09-13,ethereum,11.89
2016-09-13,ripple,0.005899000000000001
2016-09-14,bitcoin,608.84
2016-09-14,ripple,0.005888
2016-09-14,ethereum,11.9
2016-09-15,bitcoin,610.59
2016-09-15,ripple,0.005969
2016-09-15,ethereum,11.94
2016-09-16,ethereum,11.96
2016-09-16,bitcoin,607.25
2016-09-16,ripple,0.008286
2016-09-17,ethereum,12.56
2016-09-17,bitcoin,607.22
2016-09-17,ripple,0.007391
2016-09-18,ethereum,12.69
2016-09-18,ripple,0.007017
2016-09-18,bitcoin,606.28
2016-09-19,ethereum,12.44
2016-09-19,ripple,0.006855
2016-09-19,bitcoin,609.87
2016-09-20,ethereum,13.21
2016-09-20,ripple,0.006865
2016-09-20,bitcoin,609.25
2016-09-21,bitcoin,603.59
2016-09-21,ethereum,14.43
2016-09-21,ripple,0.006809
2016-09-22,bitcoin,597.28
2016-09-22,ripple,0.006833
2016-09-22,ethereum,13.66
2016-09-23,ripple,0.006848000000000001
2016-09-23,ethereum,13.21
2016-09-23,bitcoin,596.2
2016-09-24,ripple,0.007234
2016-09-24,bitcoin,602.96
2016-09-24,ethereum,13.32
2016-09-25,ripple,0.007356
2016-09-25,bitcoin,602.75
2016-09-25,ethereum,12.85
2016-09-26,ethereum,13.17
2016-09-26,ripple,0.007872
2016-09-26,bitcoin,600.81
2016-09-27,ripple,0.007959
2016-09-27,bitcoin,608.02
2016-09-27,ethereum,12.86
2016-09-28,ripple,0.00822
2016-09-28,bitcoin,606.24
2016-09-28,ethereum,13.11
2016-09-29,ethereum,13.28
2016-09-29,ripple,0.009065
2016-09-29,bitcoin,605.02
2016-09-30,ethereum,13.08
2016-09-30,bitcoin,605.72
2016-09-30,ripple,0.00891
2016-10-01,bitcoin,609.93
2016-10-01,ripple,0.008839
2016-10-01,ethereum,13.2
2016-10-02,bitcoin,613.95
2016-10-02,ethereum,13.18
2016-10-02,ripple,0.008197
2016-10-03,bitcoin,610.97
2016-10-03,ethereum,13.2
2016-10-03,ripple,0.008165
2016-10-04,ripple,0.008115
2016-10-04,bitcoin,612.05
2016-10-04,ethereum,13.45
2016-10-05,ethereum,13.28
2016-10-05,bitcoin,610.22
2016-10-05,ripple,0.007873
2016-10-06,ripple,0.007429000000000002
2016-10-06,ethereum,13.03
2016-10-06,bitcoin,612.47
2016-10-07,bitcoin,612.61
2016-10-07,ethereum,12.85
2016-10-07,ripple,0.007377
2016-10-08,ethereum,12.67
2016-10-08,ripple,0.007370999999999998
2016-10-08,bitcoin,617.34
2016-10-09,ripple,0.00731
2016-10-09,bitcoin,619.17
2016-10-09,ethereum,12.22
2016-10-10,ethereum,12.06
2016-10-10,ripple,0.007542
2016-10-10,bitcoin,616.82
2016-10-11,ripple,0.007993
2016-10-11,bitcoin,619.24
2016-10-11,ethereum,11.76
2016-10-12,bitcoin,640.87
2016-10-12,ethereum,11.78
2016-10-12,ripple,0.008208
2016-10-13,ripple,0.007951
2016-10-13,bitcoin,636.03
2016-10-13,ethereum,11.91
2016-10-14,ripple,0.00798
2016-10-14,bitcoin,637.01
2016-10-14,ethereum,11.99
2016-10-15,ripple,0.008768999999999999
2016-10-15,ethereum,11.94
2016-10-15,bitcoin,640.31
2016-10-16,ripple,0.008137
2016-10-16,bitcoin,639.08
2016-10-16,ethereum,11.98
2016-10-17,ethereum,11.96
2016-10-17,ripple,0.008079000000000001
2016-10-17,bitcoin,641.82
2016-10-18,ethereum,12.0
2016-10-18,bitcoin,639.41
2016-10-18,ripple,0.008032
2016-10-19,bitcoin,638.13
2016-10-19,ethereum,12.59
2016-10-19,ripple,0.008348000000000001
2016-10-20,ethereum,12.05
2016-10-20,bitcoin,630.66
2016-10-20,ripple,0.008636
2016-10-21,ethereum,12.13
2016-10-21,bitcoin,630.83
2016-10-21,ripple,0.00909
2016-10-22,bitcoin,633.14
2016-10-22,ripple,0.009027
2016-10-22,ethereum,12.18
2016-10-23,ripple,0.008976999999999999
2016-10-23,ethereum,12.13
2016-10-23,bitcoin,657.62
2016-10-24,ripple,0.009432
2016-10-24,ethereum,12.04
2016-10-24,bitcoin,657.16
2016-10-25,ripple,0.009065
2016-10-25,ethereum,11.97
2016-10-25,bitcoin,654.0
2016-10-26,ripple,0.008884
2016-10-26,ethereum,11.38
2016-10-26,bitcoin,657.68
2016-10-27,bitcoin,678.21
2016-10-27,ripple,0.008833
2016-10-27,ethereum,11.53
2016-10-28,ethereum,11.47
2016-10-28,ripple,0.008483
2016-10-28,bitcoin,688.0
2016-10-29,ethereum,11.1
2016-10-29,bitcoin,690.29
2016-10-29,ripple,0.008157
2016-10-30,bitcoin,714.12
2016-10-30,ripple,0.007737999999999998
2016-10-30,ethereum,10.43
2016-10-31,ripple,0.008014
2016-10-31,ethereum,11.23
2016-10-31,bitcoin,702.64
2016-11-01,ripple,0.008197
2016-11-01,ethereum,10.96
2016-11-01,bitcoin,701.34
2016-11-02,ripple,0.008104
2016-11-02,ethereum,10.77
2016-11-02,bitcoin,730.07
2016-11-03,ripple,0.008221
2016-11-03,bitcoin,742.35
2016-11-03,ethereum,10.8
2016-11-04,bitcoin,689.12
2016-11-04,ripple,0.008015000000000001
2016-11-04,ethereum,10.82
2016-11-05,bitcoin,703.52
2016-11-05,ripple,0.008157
2016-11-05,ethereum,11.09
2016-11-06,ripple,0.00823
2016-11-06,bitcoin,703.81
2016-11-06,ethereum,10.99
2016-11-07,ethereum,10.9
2016-11-07,bitcoin,710.74
2016-11-07,ripple,0.008197
2016-11-08,bitcoin,703.09
2016-11-08,ethereum,10.85
2016-11-08,ripple,0.008111
2016-11-09,bitcoin,709.83
2016-11-09,ethereum,10.82
2016-11-09,ripple,0.008205
2016-11-10,bitcoin,722.84
2016-11-10,ethereum,10.67
2016-11-10,ripple,0.008081
2016-11-11,ethereum,10.51
2016-11-11,bitcoin,715.55
2016-11-11,ripple,0.008131000000000001
2016-11-12,bitcoin,716.75
2016-11-12,ripple,0.008061
2016-11-12,ethereum,10.29
2016-11-13,ripple,0.008039
2016-11-13,bitcoin,705.2
2016-11-13,ethereum,9.89
2016-11-14,ethereum,10.1
2016-11-14,ripple,0.008255
2016-11-14,bitcoin,702.0
2016-11-15,ripple,0.008099
2016-11-15,bitcoin,705.79
2016-11-15,ethereum,9.97
2016-11-16,ripple,0.007888
2016-11-16,bitcoin,711.17
2016-11-16,ethereum,10.22
2016-11-17,ethereum,10.06
2016-11-17,bitcoin,744.88
2016-11-17,ripple,0.007851
2016-11-18,bitcoin,740.71
2016-11-18,ethereum,9.99
2016-11-18,ripple,0.007722
2016-11-19,ripple,0.007778
2016-11-19,ethereum,9.48
2016-11-19,bitcoin,751.83
2016-11-20,ripple,0.007798999999999999
2016-11-20,ethereum,9.66
2016-11-20,bitcoin,751.88
2016-11-21,ripple,0.007648999999999999
2016-11-21,ethereum,9.58
2016-11-21,bitcoin,731.26
2016-11-22,ripple,0.007567
2016-11-22,bitcoin,739.64
2016-11-22,ethereum,9.63
2016-11-23,ripple,0.007434
2016-11-23,ethereum,9.92
2016-11-23,bitcoin,751.74
2016-11-24,ethereum,9.85
2016-11-24,bitcoin,744.62
2016-11-24,ripple,0.0070620000000000014
2016-11-25,bitcoin,740.44
2016-11-25,ripple,0.006948
2016-11-25,ethereum,9.23
2016-11-26,bitcoin,741.51
2016-11-26,ethereum,9.42
2016-11-26,ripple,0.006895
2016-11-27,ripple,0.007384999999999998
2016-11-27,ethereum,9.31
2016-11-27,bitcoin,735.44
2016-11-28,bitcoin,732.48
2016-11-28,ethereum,9.0
2016-11-28,ripple,0.007081999999999998
2016-11-29,ripple,0.0070090000000000005
2016-11-29,ethereum,8.73
2016-11-29,bitcoin,736.33
2016-11-30,bitcoin,736.28
2016-11-30,ripple,0.006779
2016-11-30,ethereum,8.16
2016-12-01,ripple,0.006723000000000001
2016-12-01,ethereum,8.6
2016-12-01,bitcoin,746.05
2016-12-02,ethereum,8.46
2016-12-02,ripple,0.006706999999999999
2016-12-02,bitcoin,757.54
2016-12-03,ripple,0.006712
2016-12-03,ethereum,7.77
2016-12-03,bitcoin,778.25
2016-12-04,ripple,0.006592
2016-12-04,bitcoin,771.64
2016-12-04,ethereum,7.9
2016-12-05,ripple,0.006525
2016-12-05,bitcoin,773.39
2016-12-05,ethereum,7.41
2016-12-06,ripple,0.006435
2016-12-06,bitcoin,758.72
2016-12-06,ethereum,6.8
2016-12-07,ethereum,7.89
2016-12-07,ripple,0.006653
2016-12-07,bitcoin,764.21
2016-12-08,ripple,0.006848999999999999
2016-12-08,ethereum,8.38
2016-12-08,bitcoin,768.08
2016-12-09,ripple,0.007091
2016-12-09,ethereum,8.17
2016-12-09,bitcoin,769.94
2016-12-10,bitcoin,773.02
2016-12-10,ripple,0.0071379999999999985
2016-12-10,ethereum,8.44
2016-12-11,bitcoin,774.75
2016-12-11,ethereum,8.13
2016-12-11,ripple,0.006816
2016-12-12,ripple,0.006744
2016-12-12,ethereum,8.19
2016-12-12,bitcoin,770.04
2016-12-13,bitcoin,780.65
2016-12-13,ripple,0.00678
2016-12-13,ethereum,8.52
2016-12-14,ripple,0.006704000000000001
2016-12-14,ethereum,8.45
2016-12-14,bitcoin,780.0
2016-12-15,ethereum,8.24
2016-12-15,bitcoin,780.07
2016-12-15,ripple,0.006698999999999999
2016-12-16,ethereum,7.86
2016-12-16,bitcoin,778.96
2016-12-16,ripple,0.006662
2016-12-17,bitcoin,785.17
2016-12-17,ripple,0.006704000000000001
2016-12-17,ethereum,7.86
2016-12-18,ripple,0.006541
2016-12-18,ethereum,7.86
2016-12-18,bitcoin,791.01
2016-12-19,ripple,0.006581999999999999
2016-12-19,ethereum,7.87
2016-12-19,bitcoin,790.69
2016-12-20,ripple,0.006540000000000001
2016-12-20,bitcoin,792.25
2016-12-20,ethereum,7.63
2016-12-21,ripple,0.006498
2016-12-21,ethereum,7.66
2016-12-21,bitcoin,800.64
2016-12-22,ethereum,7.9
2016-12-22,ripple,0.006451999999999999
2016-12-22,bitcoin,834.18
2016-12-23,ethereum,7.58
2016-12-23,bitcoin,864.89
2016-12-23,ripple,0.006362
2016-12-24,ripple,0.006275
2016-12-24,ethereum,7.15
2016-12-24,bitcoin,922.18
2016-12-25,ethereum,7.26
2016-12-25,bitcoin,899.65
2016-12-25,ripple,0.00635
2016-12-26,ethereum,7.13
2016-12-26,bitcoin,896.9
2016-12-26,ripple,0.006443000000000001
2016-12-27,ripple,0.006326
2016-12-27,ethereum,7.28
2016-12-27,bitcoin,908.35
2016-12-28,ripple,0.006193
2016-12-28,bitcoin,934.83
2016-12-28,ethereum,7.15
2016-12-29,ethereum,7.54
2016-12-29,ripple,0.00618
2016-12-29,bitcoin,975.13
2016-12-30,ethereum,8.29
2016-12-30,bitcoin,972.53
2016-12-30,ripple,0.006352
2016-12-31,bitcoin,960.63
2016-12-31,ripple,0.006417
2016-12-31,ethereum,8.15
2017-01-01,ethereum,7.98
2017-01-01,ripple,0.006523
2017-01-01,bitcoin,963.66
2017-01-02,ripple,0.006386
2017-01-02,ethereum,8.17
2017-01-02,bitcoin,998.62
2017-01-03,ethereum,8.37
2017-01-03,bitcoin,1021.6
2017-01-03,ripple,0.00629
2017-01-04,bitcoin,1044.4
2017-01-04,ripple,0.006385
2017-01-04,ethereum,9.71
2017-01-05,bitcoin,1156.73
2017-01-05,ripple,0.006572
2017-01-05,ethereum,11.29
2017-01-06,bitcoin,1014.24
2017-01-06,ethereum,10.29
2017-01-06,ripple,0.006197
2017-01-07,ripple,0.006351
2017-01-07,ethereum,10.24
2017-01-07,bitcoin,903.49
2017-01-08,ethereum,9.87
2017-01-08,bitcoin,908.17
2017-01-08,ripple,0.006383
2017-01-09,ripple,0.006239
2017-01-09,bitcoin,913.24
2017-01-09,ethereum,10.31
2017-01-10,bitcoin,902.44
2017-01-10,ethereum,10.37
2017-01-10,ripple,0.006157
2017-01-11,ethereum,10.54
2017-01-11,ripple,0.006708
2017-01-11,bitcoin,908.12
2017-01-12,ethereum,9.72
2017-01-12,ripple,0.006417
2017-01-12,bitcoin,775.18
2017-01-13,ethereum,9.83
2017-01-13,ripple,0.0064340000000000005
2017-01-13,bitcoin,803.74
2017-01-14,ethereum,9.79
2017-01-14,ripple,0.00661
2017-01-14,bitcoin,825.14
2017-01-15,ethereum,9.83
2017-01-15,ripple,0.006867
2017-01-15,bitcoin,818.14
2017-01-16,bitcoin,821.78
2017-01-16,ripple,0.006747
2017-01-16,ethereum,9.88
2017-01-17,bitcoin,830.95
2017-01-17,ripple,0.006772
2017-01-17,ethereum,9.64
2017-01-18,bitcoin,909.37
2017-01-18,ripple,0.006790000000000001
2017-01-18,ethereum,10.3
2017-01-19,ripple,0.006712999999999999
2017-01-19,ethereum,10.24
2017-01-19,bitcoin,888.34
2017-01-20,ethereum,10.39
2017-01-20,ripple,0.007031999999999999
2017-01-20,bitcoin,898.17
2017-01-21,ethereum,10.6
2017-01-21,bitcoin,895.55
2017-01-21,ripple,0.006693999999999999
2017-01-22,bitcoin,922.21
2017-01-22,ripple,0.006706
2017-01-22,ethereum,10.91
2017-01-23,bitcoin,925.5
2017-01-23,ripple,0.006718000000000001
2017-01-23,ethereum,10.71
2017-01-24,bitcoin,910.68
2017-01-24,ripple,0.006708
2017-01-24,ethereum,10.73
2017-01-25,ethereum,10.62
2017-01-25,bitcoin,891.92
2017-01-25,ripple,0.006527
2017-01-26,bitcoin,902.39
2017-01-26,ethereum,10.57
2017-01-26,ripple,0.006511
2017-01-27,bitcoin,918.36
2017-01-27,ripple,0.006684999999999999
2017-01-27,ethereum,10.58
2017-01-28,ripple,0.006409000000000001
2017-01-28,bitcoin,919.81
2017-01-28,ethereum,10.54
2017-01-29,ethereum,10.56
2017-01-29,ripple,0.0063560000000000005
2017-01-29,bitcoin,922.07
2017-01-30,ethereum,10.49
2017-01-30,ripple,0.006402
2017-01-30,bitcoin,920.15
2017-01-31,ripple,0.00639
2017-01-31,bitcoin,920.96
2017-01-31,ethereum,10.56
2017-02-01,bitcoin,970.94
2017-02-01,ripple,0.006311
2017-02-01,ethereum,10.74
2017-02-02,ripple,0.006540000000000001
2017-02-02,ethereum,10.74
2017-02-02,bitcoin,990.0
2017-02-03,ethereum,10.81
2017-02-03,bitcoin,1011.46
2017-02-03,ripple,0.006466
2017-02-04,bitcoin,1031.33
2017-02-04,ethereum,11.13
2017-02-04,ripple,0.006487000000000001
2017-02-05,bitcoin,1043.52
2017-02-05,ripple,0.006494
2017-02-05,ethereum,11.44
2017-02-06,bitcoin,1028.4
2017-02-06,ripple,0.006439
2017-02-06,ethereum,11.35
2017-02-07,ripple,0.006437000000000001
2017-02-07,ethereum,11.43
2017-02-07,bitcoin,1040.14
2017-02-08,ripple,0.006407
2017-02-08,bitcoin,1062.32
2017-02-08,ethereum,11.54
2017-02-09,ripple,0.006433
2017-02-09,ethereum,11.44
2017-02-09,bitcoin,1064.7
2017-02-10,ethereum,11.04
2017-02-10,ripple,0.006367
2017-02-10,bitcoin,995.63
2017-02-11,ripple,0.00629
2017-02-11,ethereum,11.29
2017-02-11,bitcoin,988.9
2017-02-12,bitcoin,1003.52
2017-02-12,ethereum,11.35
2017-02-12,ripple,0.006328
2017-02-13,bitcoin,998.88
2017-02-13,ripple,0.006267
2017-02-13,ethereum,11.38
2017-02-14,ripple,0.00624
2017-02-14,bitcoin,991.74
2017-02-14,ethereum,11.29
2017-02-15,bitcoin,1006.21
2017-02-15,ripple,0.006279
2017-02-15,ethereum,13.04
2017-02-16,ripple,0.006138
2017-02-16,bitcoin,1007.65
2017-02-16,ethereum,12.92
2017-02-17,bitcoin,1026.12
2017-02-17,ethereum,12.9
2017-02-17,ripple,0.005939
2017-02-18,bitcoin,1049.21
2017-02-18,ripple,0.005949
2017-02-18,ethereum,12.71
2017-02-19,bitcoin,1054.76
2017-02-19,ethereum,12.82
2017-02-19,ripple,0.005589
2017-02-20,ethereum,12.77
2017-02-20,bitcoin,1048.69
2017-02-20,ripple,0.005879
2017-02-21,ethereum,12.34
2017-02-21,bitcoin,1079.28
2017-02-21,ripple,0.005871
2017-02-22,ripple,0.005849
2017-02-22,ethereum,12.69
2017-02-22,bitcoin,1114.8
2017-02-23,ethereum,12.6
2017-02-23,ripple,0.005856
2017-02-23,bitcoin,1117.27
2017-02-24,bitcoin,1172.71
2017-02-24,ethereum,13.13
2017-02-24,ripple,0.005883
2017-02-25,ethereum,13.06
2017-02-25,ripple,0.0057
2017-02-25,bitcoin,1170.41
2017-02-26,bitcoin,1144.27
2017-02-26,ripple,0.005664
2017-02-26,ethereum,13.52
2017-02-27,bitcoin,1163.78
2017-02-27,ripple,0.005665
2017-02-27,ethereum,14.51
2017-02-28,ripple,0.005608
2017-02-28,ethereum,15.45
2017-02-28,bitcoin,1180.72
2017-03-01,ethereum,15.85
2017-03-01,ripple,0.005525
2017-03-01,bitcoin,1180.04
2017-03-02,ethereum,17.36
2017-03-02,ripple,0.005419
2017-03-02,bitcoin,1224.68
2017-03-03,ripple,0.005988
2017-03-03,bitcoin,1250.71
2017-03-03,ethereum,19.04
2017-03-04,bitcoin,1277.43
2017-03-04,ethereum,19.52
2017-03-04,ripple,0.006354
2017-03-05,bitcoin,1254.29
2017-03-05,ethereum,18.5
2017-03-05,ripple,0.00629
2017-03-06,ethereum,19.28
2017-03-06,ripple,0.006129
2017-03-06,bitcoin,1267.47
2017-03-07,ethereum,19.58
2017-03-07,ripple,0.006057
2017-03-07,bitcoin,1273.21
2017-03-08,bitcoin,1223.23
2017-03-08,ripple,0.006551
2017-03-08,ethereum,18.88
2017-03-09,ripple,0.006485
2017-03-09,bitcoin,1150.35
2017-03-09,ethereum,16.64
2017-03-10,bitcoin,1189.36
2017-03-10,ethereum,17.74
2017-03-10,ripple,0.006503
2017-03-11,bitcoin,1116.32
2017-03-11,ripple,0.006229
2017-03-11,ethereum,19.37
2017-03-12,bitcoin,1176.62
2017-03-12,ethereum,21.46
2017-03-12,ripple,0.006214
2017-03-13,bitcoin,1221.78
2017-03-13,ethereum,23.5
2017-03-13,ripple,0.006271
2017-03-14,bitcoin,1232.16
2017-03-14,ripple,0.006346
2017-03-14,ethereum,28.57
2017-03-15,bitcoin,1240.16
2017-03-15,ripple,0.006370000000000001
2017-03-15,ethereum,28.65
2017-03-16,ethereum,35.36
2017-03-16,ripple,0.006319
2017-03-16,bitcoin,1251.33
2017-03-17,ripple,0.006406
2017-03-17,bitcoin,1180.16
2017-03-17,ethereum,45.93
2017-03-18,ethereum,46.87
2017-03-18,ripple,0.006137
2017-03-18,bitcoin,1099.69
2017-03-19,ethereum,35.53
2017-03-19,bitcoin,976.73
2017-03-19,ripple,0.006736
2017-03-20,bitcoin,1037.24
2017-03-20,ripple,0.006915
2017-03-20,ethereum,44.83
2017-03-21,ethereum,43.51
2017-03-21,ripple,0.006996
2017-03-21,bitcoin,1055.36
2017-03-22,ripple,0.006908
2017-03-22,ethereum,43.12
2017-03-22,bitcoin,1120.65
2017-03-23,ripple,0.007284
2017-03-23,ethereum,42.57
2017-03-23,bitcoin,1050.05
2017-03-24,bitcoin,1038.45
2017-03-24,ripple,0.010528
2017-03-24,ethereum,43.64
2017-03-25,ethereum,53.58
2017-03-25,ripple,0.010502
2017-03-25,bitcoin,936.54
2017-03-26,ripple,0.009159
2017-03-26,ethereum,50.77
2017-03-26,bitcoin,974.01
2017-03-27,ripple,0.009482
2017-03-27,ethereum,51.31
2017-03-27,bitcoin,972.05
2017-03-28,ripple,0.009568
2017-03-28,ethereum,49.71
2017-03-28,bitcoin,1044.58
2017-03-29,ethereum,50.57
2017-03-29,bitcoin,1046.08
2017-03-29,ripple,0.009526
2017-03-30,bitcoin,1042.21
2017-03-30,ethereum,53.12
2017-03-30,ripple,0.010125
2017-03-31,ethereum,51.75
2017-03-31,ripple,0.013049000000000002
2017-03-31,bitcoin,1026.64
2017-04-01,ripple,0.021743
2017-04-01,bitcoin,1071.71
2017-04-01,ethereum,50.03
2017-04-02,bitcoin,1080.61
2017-04-02,ripple,0.021938
2017-04-02,ethereum,50.74
2017-04-03,ripple,0.060291
2017-04-03,bitcoin,1102.95
2017-04-03,ethereum,48.82
2017-04-04,ethereum,43.92
2017-04-04,bitcoin,1145.52
2017-04-04,ripple,0.033032
2017-04-05,ethereum,44.66
2017-04-05,bitcoin,1134.14
2017-04-05,ripple,0.037386
2017-04-06,ripple,0.035672
2017-04-06,bitcoin,1125.81
2017-04-06,ethereum,45.22
2017-04-07,ethereum,42.87
2017-04-07,bitcoin,1178.94
2017-04-07,ripple,0.03274
2017-04-08,bitcoin,1172.65
2017-04-08,ripple,0.036355
2017-04-08,ethereum,41.8
2017-04-09,bitcoin,1176.57
2017-04-09,ripple,0.035799
2017-04-09,ethereum,44.28
2017-04-10,bitcoin,1187.3
2017-04-10,ripple,0.034123
2017-04-10,ethereum,43.28
2017-04-11,ethereum,43.5
2017-04-11,ripple,0.033677
2017-04-11,bitcoin,1187.46
2017-04-12,bitcoin,1204.81
2017-04-12,ethereum,43.46
2017-04-12,ripple,0.033002
2017-04-13,bitcoin,1201.02
2017-04-13,ethereum,46.31
2017-04-13,ripple,0.034459
2017-04-14,bitcoin,1170.33
2017-04-14,ethereum,49.97
2017-04-14,ripple,0.034262
2017-04-15,ethereum,47.65
2017-04-15,bitcoin,1167.3
2017-04-15,ripple,0.033527999999999995
2017-04-16,bitcoin,1172.61
2017-04-16,ethereum,49.04
2017-04-16,ripple,0.03388
2017-04-17,bitcoin,1183.25
2017-04-17,ethereum,48.66
2017-04-17,ripple,0.0334
2017-04-18,bitcoin,1193.77
2017-04-18,ethereum,48.32
2017-04-18,ripple,0.033638
2017-04-19,ethereum,50.73
2017-04-19,bitcoin,1212.13
2017-04-19,ripple,0.033181
2017-04-20,ripple,0.030259
2017-04-20,bitcoin,1211.08
2017-04-20,ethereum,48.13
2017-04-21,bitcoin,1229.42
2017-04-21,ethereum,49.64
2017-04-21,ripple,0.029727
2017-04-22,bitcoin,1222.71
2017-04-22,ethereum,48.18
2017-04-22,ripple,0.033122000000000006
2017-04-23,ripple,0.031878
2017-04-23,bitcoin,1231.92
2017-04-23,ethereum,48.59
2017-04-24,ripple,0.031236
2017-04-24,ethereum,48.87
2017-04-24,bitcoin,1209.63
2017-04-25,bitcoin,1250.45
2017-04-25,ethereum,50.07
2017-04-25,ripple,0.031409
2017-04-26,ripple,0.032389999999999995
2017-04-26,bitcoin,1265.99
2017-04-26,ethereum,49.91
2017-04-27,ethereum,52.81
2017-04-27,bitcoin,1281.88
2017-04-27,ripple,0.032826999999999995
2017-04-28,bitcoin,1317.74
2017-04-28,ripple,0.034843
2017-04-28,ethereum,62.23
2017-04-29,ethereum,71.39
2017-04-29,bitcoin,1317.84
2017-04-29,ripple,0.044558
2017-04-30,bitcoin,1321.87
2017-04-30,ethereum,68.54
2017-04-30,ripple,0.052807000000000014
2017-05-01,bitcoin,1348.3
2017-05-01,ethereum,79.32
2017-05-01,ripple,0.05158
2017-05-02,bitcoin,1421.03
2017-05-02,ethereum,76.65
2017-05-02,ripple,0.054646000000000014
2017-05-03,ripple,0.053905
2017-05-03,ethereum,77.25
2017-05-03,bitcoin,1453.78
2017-05-04,ripple,0.061062
2017-05-04,bitcoin,1490.72
2017-05-04,ethereum,79.72
2017-05-05,ethereum,96.73
2017-05-05,ripple,0.080229
2017-05-05,bitcoin,1540.87
2017-05-06,ethereum,94.91
2017-05-06,bitcoin,1556.81
2017-05-06,ripple,0.093429
2017-05-07,ethereum,97.87
2017-05-07,bitcoin,1579.47
2017-05-07,ripple,0.101929
2017-05-08,ethereum,93.75
2017-05-08,bitcoin,1596.92
2017-05-08,ripple,0.14162
2017-05-09,bitcoin,1723.89
2017-05-09,ripple,0.199198
2017-05-09,ethereum,91.23
2017-05-10,bitcoin,1756.52
2017-05-10,ripple,0.158471
2017-05-10,ethereum,91.15
2017-05-11,bitcoin,1780.37
2017-05-11,ethereum,89.77
2017-05-11,ripple,0.185035
2017-05-12,bitcoin,1845.76
2017-05-12,ethereum,89.43
2017-05-12,ripple,0.18276
2017-05-13,ethereum,88.69
2017-05-13,ripple,0.206697
2017-05-13,bitcoin,1723.12
2017-05-14,ethereum,90.87
2017-05-14,ripple,0.215179
2017-05-14,bitcoin,1800.86
2017-05-15,bitcoin,1808.44
2017-05-15,ethereum,90.78
2017-05-15,ripple,0.220069
2017-05-16,ripple,0.26982399999999995
2017-05-16,bitcoin,1741.7
2017-05-16,ethereum,92.39
2017-05-17,bitcoin,1726.73
2017-05-17,ethereum,89.25
2017-05-17,ripple,0.355124
2017-05-18,bitcoin,1818.7
2017-05-18,ripple,0.394931
2017-05-18,ethereum,89.84
2017-05-19,bitcoin,1897.37
2017-05-19,ripple,0.363505
2017-05-19,ethereum,97.05
2017-05-20,ethereum,129.22
2017-05-20,bitcoin,1984.24
2017-05-20,ripple,0.328631
2017-05-21,ethereum,127.54
2017-05-21,ripple,0.353164
2017-05-21,bitcoin,2067.03
2017-05-22,ethereum,158.17
2017-05-22,ripple,0.338403
2017-05-22,bitcoin,2043.19
2017-05-23,ethereum,170.82
2017-05-23,bitcoin,2191.56
2017-05-23,ripple,0.313347
2017-05-24,bitcoin,2321.37
2017-05-24,ethereum,182.65
2017-05-24,ripple,0.325054
2017-05-25,bitcoin,2446.24
2017-05-25,ethereum,189.85
2017-05-25,ripple,0.29183400000000004
2017-05-26,ethereum,175.22
2017-05-26,bitcoin,2320.89
2017-05-26,ripple,0.245083
2017-05-27,ripple,0.272697
2017-05-27,ethereum,159.82
2017-05-27,bitcoin,2196.27
2017-05-28,ripple,0.212887
2017-05-28,ethereum,158.82
2017-05-28,bitcoin,2054.08
2017-05-29,ethereum,170.13
2017-05-29,bitcoin,2159.43
2017-05-29,ripple,0.227189
2017-05-30,ethereum,195.61
2017-05-30,bitcoin,2255.36
2017-05-30,ripple,0.232191
2017-05-31,ethereum,231.58
2017-05-31,bitcoin,2187.19
2017-05-31,ripple,0.20536
2017-06-01,ethereum,230.89
2017-06-01,bitcoin,2288.33
2017-06-01,ripple,0.243946
2017-06-02,ethereum,222.29
2017-06-02,bitcoin,2404.03
2017-06-02,ripple,0.333645
2017-06-03,ripple,0.30046
2017-06-03,ethereum,223.46
2017-06-03,bitcoin,2493.72
2017-06-04,ripple,0.29838600000000004
2017-06-04,ethereum,224.12
2017-06-04,bitcoin,2547.79
2017-06-05,bitcoin,2512.4
2017-06-05,ripple,0.299862
2017-06-05,ethereum,245.26
2017-06-06,ripple,0.294028
2017-06-06,ethereum,248.6
2017-06-06,bitcoin,2690.84
2017-06-07,ethereum,264.26
2017-06-07,ripple,0.284677
2017-06-07,bitcoin,2869.38
2017-06-08,ripple,0.280902
2017-06-08,bitcoin,2720.49
2017-06-08,ethereum,257.99
2017-06-09,bitcoin,2807.44
2017-06-09,ethereum,261.75
2017-06-09,ripple,0.289695
2017-06-10,bitcoin,2828.14
2017-06-10,ripple,0.285806
2017-06-10,ethereum,282.01
2017-06-11,ethereum,338.79
2017-06-11,bitcoin,2942.41
2017-06-11,ripple,0.259445
2017-06-12,ethereum,341.16
2017-06-12,bitcoin,2953.22
2017-06-12,ripple,0.273075
2017-06-13,ethereum,395.69
2017-06-13,ripple,0.253823
2017-06-13,bitcoin,2680.91
2017-06-14,ethereum,397.59
2017-06-14,ripple,0.265823
2017-06-14,bitcoin,2716.88
2017-06-15,ripple,0.278196
2017-06-15,bitcoin,2499.58
2017-06-15,ethereum,358.51
2017-06-16,ethereum,361.18
2017-06-16,bitcoin,2469.57
2017-06-16,ripple,0.259473
2017-06-17,ethereum,369.88
2017-06-17,ripple,0.262358
2017-06-17,bitcoin,2514.01
2017-06-18,ripple,0.268085
2017-06-18,ethereum,379.52
2017-06-18,bitcoin,2655.35
2017-06-19,ripple,0.283977
2017-06-19,ethereum,371.86
2017-06-19,bitcoin,2549.03
2017-06-20,ethereum,370.33
2017-06-20,ripple,0.292194
2017-06-20,bitcoin,2591.26
2017-06-21,ethereum,359.54
2017-06-21,ripple,0.324623
2017-06-21,bitcoin,2709.43
2017-06-22,ripple,0.299886
2017-06-22,ethereum,337.73
2017-06-22,bitcoin,2691.03
2017-06-23,ethereum,336.49
2017-06-23,ripple,0.297718
2017-06-23,bitcoin,2707.34
2017-06-24,bitcoin,2738.52
2017-06-24,ethereum,341.63
2017-06-24,ripple,0.319188
2017-06-25,ethereum,323.47
2017-06-25,bitcoin,2607.25
2017-06-25,ripple,0.310816
2017-06-26,bitcoin,2590.57
2017-06-26,ripple,0.29877
2017-06-26,ethereum,302.95
2017-06-27,bitcoin,2478.45
2017-06-27,ripple,0.27728800000000003
2017-06-27,ethereum,272.69
2017-06-28,ripple,0.275391
2017-06-28,bitcoin,2553.03
2017-06-28,ethereum,293.04
2017-06-29,bitcoin,2567.56
2017-06-29,ripple,0.280565
2017-06-29,ethereum,328.37
2017-06-30,bitcoin,2539.24
2017-06-30,ethereum,303.15
2017-06-30,ripple,0.26606
2017-07-01,ethereum,293.35
2017-07-01,ripple,0.262855
2017-07-01,bitcoin,2492.6
2017-07-02,ethereum,275.12
2017-07-02,ripple,0.254512
2017-07-02,bitcoin,2436.4
2017-07-03,ethereum,288.41
2017-07-03,bitcoin,2498.56
2017-07-03,ripple,0.258977
2017-07-04,ethereum,282.19
2017-07-04,bitcoin,2561.0
2017-07-04,ripple,0.259841
2017-07-05,ethereum,273.1
2017-07-05,bitcoin,2602.87
2017-07-05,ripple,0.255125
2017-07-06,ethereum,268.86
2017-07-06,bitcoin,2608.1
2017-07-06,ripple,0.256374
2017-07-07,bitcoin,2608.59
2017-07-07,ripple,0.254858
2017-07-07,ethereum,270.35
2017-07-08,ethereum,245.89
2017-07-08,bitcoin,2520.27
2017-07-08,ripple,0.239741
2017-07-09,ripple,0.236884
2017-07-09,ethereum,251.82
2017-07-09,bitcoin,2572.61
2017-07-10,ripple,0.234067
2017-07-10,ethereum,243.01
2017-07-10,bitcoin,2525.25
2017-07-11,ethereum,211.53
2017-07-11,bitcoin,2385.89
2017-07-11,ripple,0.196415
2017-07-12,ethereum,197.15
2017-07-12,ripple,0.184198
2017-07-12,bitcoin,2332.77
2017-07-13,ripple,0.205873
2017-07-13,ethereum,231.81
2017-07-13,bitcoin,2402.7
2017-07-14,ripple,0.200819
2017-07-14,ethereum,209.53
2017-07-14,bitcoin,2360.59
2017-07-15,ethereum,199.71
2017-07-15,ripple,0.190976
2017-07-15,bitcoin,2230.12
2017-07-16,ripple,0.16948
2017-07-16,bitcoin,1991.98
2017-07-16,ethereum,169.57
2017-07-17,ripple,0.150146
2017-07-17,ethereum,159.99
2017-07-17,bitcoin,1932.62
2017-07-18,bitcoin,2233.52
2017-07-18,ripple,0.179668
2017-07-18,ethereum,195.03
2017-07-19,ripple,0.188498
2017-07-19,ethereum,234.94
2017-07-19,bitcoin,2323.08
2017-07-20,ethereum,205.42
2017-07-20,ripple,0.170017
2017-07-20,bitcoin,2269.89
2017-07-21,ethereum,226.06
2017-07-21,ripple,0.18943
2017-07-21,bitcoin,2838.41
2017-07-22,ethereum,217.86
2017-07-22,bitcoin,2668.63
2017-07-22,ripple,0.182168
2017-07-23,bitcoin,2808.1
2017-07-23,ethereum,229.12
2017-07-23,ripple,0.193568
2017-07-24,bitcoin,2732.7
2017-07-24,ripple,0.194979
2017-07-24,ethereum,226.28
2017-07-25,ripple,0.19228
2017-07-25,bitcoin,2757.5
2017-07-25,ethereum,224.37
2017-07-26,ripple,0.177582
2017-07-26,bitcoin,2577.77
2017-07-26,ethereum,207.09
2017-07-27,bitcoin,2538.71
2017-07-27,ripple,0.17521
2017-07-27,ethereum,204.86
2017-07-28,ripple,0.173211
2017-07-28,ethereum,204.32
2017-07-28,bitcoin,2679.73
2017-07-29,bitcoin,2807.02
2017-07-29,ripple,0.165218
2017-07-29,ethereum,193.34
2017-07-30,ripple,0.169494
2017-07-30,bitcoin,2724.39
2017-07-30,ethereum,206.74
2017-07-31,ethereum,197.41
2017-07-31,ripple,0.16505
2017-07-31,bitcoin,2763.24
2017-08-01,ethereum,204.69
2017-08-01,ripple,0.168024
2017-08-01,bitcoin,2871.3
2017-08-02,ethereum,227.01
2017-08-02,bitcoin,2727.13
2017-08-02,ripple,0.177531
2017-08-03,ethereum,220.18
2017-08-03,bitcoin,2709.56
2017-08-03,ripple,0.173218
2017-08-04,ripple,0.174555
2017-08-04,ethereum,225.31
2017-08-04,bitcoin,2806.93
2017-08-05,ripple,0.17386500000000002
2017-08-05,ethereum,222.85
2017-08-05,bitcoin,2897.63
2017-08-06,bitcoin,3257.61
2017-08-06,ripple,0.185398
2017-08-06,ethereum,256.42
2017-08-07,ripple,0.179716
2017-08-07,bitcoin,3212.78
2017-08-07,ethereum,261.24
2017-08-08,bitcoin,3370.22
2017-08-08,ripple,0.179602
2017-08-08,ethereum,269.1
2017-08-09,ripple,0.192527
2017-08-09,ethereum,297.63
2017-08-09,bitcoin,3420.4
2017-08-10,ethereum,296.96
2017-08-10,ripple,0.183168
2017-08-10,bitcoin,3341.84
2017-08-11,ripple,0.180175
2017-08-11,bitcoin,3373.82
2017-08-11,ethereum,294.5
2017-08-12,bitcoin,3650.63
2017-08-12,ripple,0.179221
2017-08-12,ethereum,308.71
2017-08-13,ethereum,310.37
2017-08-13,bitcoin,3880.04
2017-08-13,ripple,0.173545
2017-08-14,bitcoin,4066.1
2017-08-14,ethereum,298.03
2017-08-14,ripple,0.168376
2017-08-15,ethereum,299.95
2017-08-15,bitcoin,4326.99
2017-08-15,ripple,0.16979
2017-08-16,ripple,0.16123800000000002
2017-08-16,bitcoin,4200.34
2017-08-16,ethereum,289.82
2017-08-17,bitcoin,4384.44
2017-08-17,ripple,0.160787
2017-08-17,ethereum,302.81
2017-08-18,bitcoin,4324.34
2017-08-18,ethereum,301.7
2017-08-18,ripple,0.157117
2017-08-19,ripple,0.159553
2017-08-19,bitcoin,4137.75
2017-08-19,ethereum,296.18
2017-08-20,bitcoin,4189.31
2017-08-20,ethereum,296.64
2017-08-20,ripple,0.154569
2017-08-21,ripple,0.15841
2017-08-21,ethereum,300.48
2017-08-21,bitcoin,4090.48
2017-08-22,ethereum,321.06
2017-08-22,bitcoin,3998.35
2017-08-22,ripple,0.194971
2017-08-23,ethereum,315.27
2017-08-23,bitcoin,4089.01
2017-08-23,ripple,0.240987
2017-08-24,ripple,0.252371
2017-08-24,bitcoin,4137.6
2017-08-24,ethereum,317.45
2017-08-25,ethereum,326.11
2017-08-25,bitcoin,4332.82
2017-08-25,ripple,0.2172
2017-08-26,ethereum,331.99
2017-08-26,ripple,0.218256
2017-08-26,bitcoin,4372.06
2017-08-27,ripple,0.212617
2017-08-27,ethereum,334.36
2017-08-27,bitcoin,4345.1
2017-08-28,ripple,0.203425
2017-08-28,ethereum,350.04
2017-08-28,bitcoin,4384.45
2017-08-29,ethereum,347.96
2017-08-29,ripple,0.22402600000000006
2017-08-29,bitcoin,4389.21
2017-08-30,ethereum,369.47
2017-08-30,ripple,0.218871
2017-08-30,bitcoin,4570.36
2017-08-31,bitcoin,4555.59
2017-08-31,ripple,0.227558
2017-08-31,ethereum,378.44
2017-09-01,ethereum,383.47
2017-09-01,ripple,0.255803
2017-09-01,bitcoin,4701.76
2017-09-02,ethereum,387.82
2017-09-02,ripple,0.249348
2017-09-02,bitcoin,4901.42
2017-09-03,ethereum,350.23
2017-09-03,ripple,0.227229
2017-09-03,bitcoin,4585.27
2017-09-04,bitcoin,4591.63
2017-09-04,ethereum,347.13
2017-09-04,ripple,0.228781
2017-09-05,ripple,0.20511
2017-09-05,bitcoin,4228.29
2017-09-05,ethereum,297.57
2017-09-06,bitcoin,4376.59
2017-09-06,ripple,0.21495100000000006
2017-09-06,ethereum,313.8
2017-09-07,bitcoin,4589.14
2017-09-07,ripple,0.22638200000000006
2017-09-07,ethereum,333.52
2017-09-08,bitcoin,4605.16
2017-09-08,ripple,0.223615
2017-09-08,ethereum,329.64
2017-09-09,bitcoin,4229.81
2017-09-09,ripple,0.211293
2017-09-09,ethereum,296.17
2017-09-10,bitcoin,4229.34
2017-09-10,ripple,0.209606
2017-09-10,ethereum,294.06
2017-09-11,ethereum,289.75
2017-09-11,ripple,0.212513
2017-09-11,bitcoin,4122.47
2017-09-12,ethereum,294.63
2017-09-12,ripple,0.21486
2017-09-12,bitcoin,4168.88
2017-09-13,ethereum,291.12
2017-09-13,bitcoin,4131.98
2017-09-13,ripple,0.20963
2017-09-14,bitcoin,3875.37
2017-09-14,ripple,0.200427
2017-09-14,ethereum,276.59
2017-09-15,ripple,0.165035
2017-09-15,ethereum,215.22
2017-09-15,bitcoin,3166.3
2017-09-16,bitcoin,3637.75
2017-09-16,ripple,0.181925
2017-09-16,ethereum,250.87
2017-09-17,bitcoin,3606.28
2017-09-17,ethereum,245.85
2017-09-17,ripple,0.178377
2017-09-18,ethereum,252.23
2017-09-18,ripple,0.178309
2017-09-18,bitcoin,3591.09
2017-09-19,ethereum,293.66
2017-09-19,bitcoin,4073.79
2017-09-19,ripple,0.189819
2017-09-20,bitcoin,3916.36
2017-09-20,ethereum,282.01
2017-09-20,ripple,0.18371
2017-09-21,bitcoin,3901.47
2017-09-21,ripple,0.180981
2017-09-21,ethereum,283.26
2017-09-22,ripple,0.171567
2017-09-22,ethereum,258.11
2017-09-22,bitcoin,3628.02
2017-09-23,ripple,0.173371
2017-09-23,bitcoin,3629.92
2017-09-23,ethereum,264.6
2017-09-24,bitcoin,3796.15
2017-09-24,ripple,0.178175
2017-09-24,ethereum,286.21
2017-09-25,bitcoin,3681.58
2017-09-25,ripple,0.175519
2017-09-25,ethereum,282.22
2017-09-26,bitcoin,3928.41
2017-09-26,ripple,0.181968
2017-09-26,ethereum,292.35
2017-09-27,ripple,0.185297
2017-09-27,ethereum,287.02
2017-09-27,bitcoin,3892.94
2017-09-28,ethereum,306.47
2017-09-28,bitcoin,4197.13
2017-09-28,ripple,0.202532
2017-09-29,bitcoin,4171.62
2017-09-29,ripple,0.196105
2017-09-29,ethereum,299.12
2017-09-30,bitcoin,4166.11
2017-09-30,ripple,0.193824
2017-09-30,ethereum,291.48
2017-10-01,bitcoin,4341.05
2017-10-01,ethereum,301.55
2017-10-01,ripple,0.197622
2017-10-02,ripple,0.206077
2017-10-02,ethereum,302.48
2017-10-02,bitcoin,4395.81
2017-10-03,ethereum,297.48
2017-10-03,bitcoin,4408.46
2017-10-03,ripple,0.203209
2017-10-04,bitcoin,4319.37
2017-10-04,ripple,0.203218
2017-10-04,ethereum,292.75
2017-10-05,ethereum,292.77
2017-10-05,bitcoin,4229.88
2017-10-05,ripple,0.215583
2017-10-06,ripple,0.237726
2017-10-06,bitcoin,4324.46
2017-10-06,ethereum,295.15
2017-10-07,ethereum,308.89
2017-10-07,ripple,0.233963
2017-10-07,bitcoin,4369.35
2017-10-08,ethereum,311.06
2017-10-08,ripple,0.238312
2017-10-08,bitcoin,4429.67
2017-10-09,ethereum,308.67
2017-10-09,bitcoin,4614.52
2017-10-09,ripple,0.278758
2017-10-10,bitcoin,4776.21
2017-10-10,ethereum,297.6
2017-10-10,ripple,0.252825
2017-10-11,ethereum,301.18
2017-10-11,bitcoin,4789.25
2017-10-11,ripple,0.260658
2017-10-12,bitcoin,4829.58
2017-10-12,ethereum,303.5
2017-10-12,ripple,0.265046
2017-10-13,ethereum,304.08
2017-10-13,bitcoin,5464.16
2017-10-13,ripple,0.248285
2017-10-14,bitcoin,5643.53
2017-10-14,ethereum,338.85
2017-10-14,ripple,0.26115
2017-10-15,bitcoin,5835.96
2017-10-15,ethereum,339.53
2017-10-15,ripple,0.257537
2017-10-16,bitcoin,5687.57
2017-10-16,ethereum,336.71
2017-10-16,ripple,0.263386
2017-10-17,ethereum,333.48
2017-10-17,ripple,0.256098
2017-10-17,bitcoin,5741.58
2017-10-18,bitcoin,5603.82
2017-10-18,ethereum,316.94
2017-10-18,ripple,0.231216
2017-10-19,bitcoin,5583.74
2017-10-19,ripple,0.218229
2017-10-19,ethereum,314.54
2017-10-20,ethereum,308.05
2017-10-20,ripple,0.215086
2017-10-20,bitcoin,5708.11
2017-10-21,ethereum,303.57
2017-10-21,ripple,0.210189
2017-10-21,bitcoin,5996.79
2017-10-22,ripple,0.210958
2017-10-22,ethereum,300.55
2017-10-22,bitcoin,6036.66
2017-10-23,ripple,0.203504
2017-10-23,bitcoin,6006.0
2017-10-23,ethereum,295.1
2017-10-24,ethereum,287.12
2017-10-24,bitcoin,5935.52
2017-10-24,ripple,0.195567
2017-10-25,ripple,0.207113
2017-10-25,ethereum,298.44
2017-10-25,bitcoin,5524.6
2017-10-26,ethereum,298.02
2017-10-26,ripple,0.204444
2017-10-26,bitcoin,5747.95
2017-10-27,ripple,0.203668
2017-10-27,bitcoin,5899.74
2017-10-27,ethereum,296.51
2017-10-28,bitcoin,5787.82
2017-10-28,ripple,0.202592
2017-10-28,ethereum,297.92
2017-10-29,ethereum,296.38
2017-10-29,bitcoin,5754.44
2017-10-29,ripple,0.201358
2017-10-30,ripple,0.203076
2017-10-30,bitcoin,6114.85
2017-10-30,ethereum,304.78
2017-10-31,ripple,0.202405
2017-10-31,ethereum,307.38
2017-10-31,bitcoin,6132.02
2017-11-01,bitcoin,6440.97
2017-11-01,ripple,0.200247
2017-11-01,ethereum,305.76
2017-11-02,bitcoin,6777.77
2017-11-02,ripple,0.194596
2017-11-02,ethereum,290.73
2017-11-03,bitcoin,7087.53
2017-11-03,ripple,0.20620500000000005
2017-11-03,ethereum,288.5
2017-11-04,ripple,0.208083
2017-11-04,ethereum,305.48
2017-11-04,bitcoin,7164.48
2017-11-05,ripple,0.203274
2017-11-05,ethereum,300.04
2017-11-05,bitcoin,7404.52
2017-11-06,ripple,0.201967
2017-11-06,bitcoin,7403.22
2017-11-06,ethereum,296.43
2017-11-07,bitcoin,7023.1
2017-11-07,ripple,0.205103
2017-11-07,ethereum,298.57
2017-11-08,ethereum,294.27
2017-11-08,bitcoin,7141.38
2017-11-08,ripple,0.210675
2017-11-09,ripple,0.217911
2017-11-09,bitcoin,7446.83
2017-11-09,ethereum,308.64
2017-11-10,ethereum,320.67
2017-11-10,bitcoin,7173.73
2017-11-10,ripple,0.218256
2017-11-11,ethereum,298.59
2017-11-11,bitcoin,6618.61
2017-11-11,ripple,0.205948
2017-11-12,bitcoin,6295.45
2017-11-12,ripple,0.210214
2017-11-12,ethereum,314.69
2017-11-13,ripple,0.197472
2017-11-13,ethereum,307.02
2017-11-13,bitcoin,5938.25
2017-11-14,ripple,0.203679
2017-11-14,ethereum,316.76
2017-11-14,bitcoin,6561.48
2017-11-15,ripple,0.208937
2017-11-15,bitcoin,6634.76
2017-11-15,ethereum,337.96
2017-11-16,ethereum,333.44
2017-11-16,bitcoin,7323.24
2017-11-16,ripple,0.212655
2017-11-17,bitcoin,7853.57
2017-11-17,ripple,0.224768
2017-11-17,ethereum,330.17
2017-11-18,ethereum,331.98
2017-11-18,ripple,0.226547
2017-11-18,bitcoin,7697.21
2017-11-19,ethereum,347.4
2017-11-19,bitcoin,7766.03
2017-11-19,ripple,0.22814
2017-11-20,bitcoin,8039.07
2017-11-20,ethereum,354.09
2017-11-20,ripple,0.231336
2017-11-21,bitcoin,8205.74
2017-11-21,ripple,0.237978
2017-11-21,ethereum,367.44
2017-11-22,ethereum,360.31
2017-11-22,ripple,0.232642
2017-11-22,bitcoin,8077.95
2017-11-23,ripple,0.238991
2017-11-23,ethereum,381.44
2017-11-23,bitcoin,8232.38
2017-11-24,bitcoin,8074.02
2017-11-24,ripple,0.242851
2017-11-24,ethereum,412.5
2017-11-25,ethereum,475.68
2017-11-25,bitcoin,8241.71
2017-11-25,ripple,0.244178
2017-11-26,bitcoin,8789.04
2017-11-26,ethereum,465.97
2017-11-26,ripple,0.252914
2017-11-27,bitcoin,9352.72
2017-11-27,ripple,0.24830500000000005
2017-11-27,ethereum,471.53
2017-11-28,ripple,0.254037
2017-11-28,ethereum,480.52
2017-11-28,bitcoin,9823.43
2017-11-29,bitcoin,10077.4
2017-11-29,ethereum,473.28
2017-11-29,ripple,0.297867
2017-11-30,bitcoin,9906.79
2017-11-30,ripple,0.246433
2017-11-30,ethereum,431.21
2017-12-01,ethereum,445.21
2017-12-01,bitcoin,10198.6
2017-12-01,ripple,0.250352
2017-12-02,ethereum,466.85
2017-12-02,ripple,0.255656
2017-12-02,bitcoin,10978.3
2017-12-03,ethereum,463.7
2017-12-03,ripple,0.25553000000000003
2017-12-03,bitcoin,11082.7
2017-12-04,ethereum,466.05
2017-12-04,ripple,0.252919
2017-12-04,bitcoin,11315.4
2017-12-05,bitcoin,11685.7
2017-12-05,ethereum,470.29
2017-12-05,ripple,0.253598
2017-12-06,bitcoin,11923.4
2017-12-06,ripple,0.245416
2017-12-06,ethereum,462.6
2017-12-07,bitcoin,14266.1
2017-12-07,ripple,0.232623
2017-12-07,ethereum,426.37
2017-12-08,bitcoin,17802.9
2017-12-08,ripple,0.223636
2017-12-08,ethereum,434.99
2017-12-09,ripple,0.252162
2017-12-09,ethereum,457.34
2017-12-09,bitcoin,16523.3
2017-12-10,ripple,0.245548
2017-12-10,ethereum,472.79
2017-12-10,bitcoin,15168.4
2017-12-11,ethereum,440.36
2017-12-11,ripple,0.236574
2017-12-11,bitcoin,15427.4
2017-12-12,ethereum,522.29
2017-12-12,bitcoin,16919.8
2017-12-12,ripple,0.252258
2017-12-13,ripple,0.372689
2017-12-13,ethereum,644.91
2017-12-13,bitcoin,17500.0
2017-12-14,ethereum,700.59
2017-12-14,bitcoin,16384.6
2017-12-14,ripple,0.470648
2017-12-15,ripple,0.8617600000000001
2017-12-15,bitcoin,16601.3
2017-12-15,ethereum,696.38
2017-12-16,ripple,0.7554930000000001
2017-12-16,bitcoin,17760.3
2017-12-16,ethereum,686.19
2017-12-17,ripple,0.754125
2017-12-17,ethereum,696.24
2017-12-17,bitcoin,19475.8
2017-12-18,ripple,0.728036
2017-12-18,bitcoin,19106.4
2017-12-18,ethereum,721.73
2017-12-19,ethereum,793.9
2017-12-19,ripple,0.777447
2017-12-19,bitcoin,19118.3
2017-12-20,ethereum,827.52
2017-12-20,bitcoin,17760.3
2017-12-20,ripple,0.787171
2017-12-21,ethereum,820.24
2017-12-21,bitcoin,16642.4
2017-12-21,ripple,0.782515
2017-12-22,ethereum,822.64
2017-12-22,ripple,1.17
2017-12-22,bitcoin,15898.0
2017-12-23,ripple,1.17
2017-12-23,bitcoin,13948.7
2017-12-23,ethereum,681.32
2017-12-24,ethereum,721.77
2017-12-24,ripple,1.18
2017-12-24,bitcoin,14608.2
2017-12-25,ripple,1.05
2017-12-25,bitcoin,13995.9
2017-12-25,ethereum,698.87
2017-12-26,ripple,1.12
2017-12-26,ethereum,763.37
2017-12-26,bitcoin,14036.6
2017-12-27,ripple,1.18
2017-12-27,bitcoin,16163.5
2017-12-27,ethereum,774.97
2017-12-28,ethereum,762.21
2017-12-28,bitcoin,15864.1
2017-12-28,ripple,1.39
2017-12-29,bitcoin,14695.8
2017-12-29,ripple,1.44
2017-12-29,ethereum,740.39
2017-12-30,ethereum,753.82
2017-12-30,bitcoin,14681.9
2017-12-30,ripple,2.2
2017-12-31,ripple,2.1
2017-12-31,ethereum,712.21
2017-12-31,bitcoin,12897.7
2018-01-01,ethereum,755.76
2018-01-01,ripple,2.3
2018-01-01,bitcoin,14112.2
2018-01-02,ethereum,772.35
2018-01-02,ripple,2.37
2018-01-02,bitcoin,13625.0
2018-01-03,ethereum,886.0
2018-01-03,bitcoin,14978.2
2018-01-03,ripple,2.46
2018-01-04,bitcoin,15270.7
2018-01-04,ripple,3.12
2018-01-04,ethereum,961.71
2018-01-05,bitcoin,15477.2
2018-01-05,ethereum,975.75
2018-01-05,ripple,3.3
2018-01-06,bitcoin,17462.1
2018-01-06,ethereum,995.15
2018-01-06,ripple,3.02
2018-01-07,ethereum,1043.01
2018-01-07,bitcoin,17527.3
2018-01-07,ripple,3.09
2018-01-08,ethereum,1158.26
2018-01-08,bitcoin,16476.2
2018-01-08,ripple,3.36
2018-01-09,ripple,2.44
2018-01-09,ethereum,1146.0
2018-01-09,bitcoin,15123.7
2018-01-10,ripple,2.13
2018-01-10,bitcoin,14588.5
2018-01-10,ethereum,1300.34
2018-01-11,ethereum,1268.09
2018-01-11,ripple,1.98
2018-01-11,bitcoin,14968.2
2018-01-12,ripple,1.94
2018-01-12,ethereum,1158.29
2018-01-12,bitcoin,13453.9
2018-01-13,bitcoin,13952.4
2018-01-13,ripple,2.05
2018-01-13,ethereum,1270.47
2018-01-14,ripple,2.02
2018-01-14,ethereum,1397.48
2018-01-14,bitcoin,14370.8
2018-01-15,ripple,1.86
2018-01-15,bitcoin,13767.3
2018-01-15,ethereum,1365.21
2018-01-16,bitcoin,13836.1
2018-01-16,ethereum,1292.63
2018-01-16,ripple,1.68
2018-01-17,ripple,1.18
2018-01-17,ethereum,1061.34
2018-01-17,bitcoin,11431.1
2018-01-18,ethereum,1016.44
2018-01-18,ripple,1.31
2018-01-18,bitcoin,11198.8
2018-01-19,ripple,1.58
2018-01-19,bitcoin,11429.8
2018-01-19,ethereum,1028.82
2018-01-20,ripple,1.56
2018-01-20,bitcoin,11656.2
2018-01-20,ethereum,1044.95
2018-01-21,ripple,1.58
2018-01-21,bitcoin,12889.2
2018-01-21,ethereum,1155.68
2018-01-22,ripple,1.39
2018-01-22,bitcoin,11633.1
2018-01-22,ethereum,1055.35
2018-01-23,ripple,1.35
2018-01-23,bitcoin,10944.5
2018-01-23,ethereum,1004.17
2018-01-24,ripple,1.35
2018-01-24,ethereum,987.48
2018-01-24,bitcoin,10903.4
2018-01-25,ethereum,1063.22
2018-01-25,ripple,1.36
2018-01-25,bitcoin,11421.7
2018-01-26,bitcoin,11256.0
2018-01-26,ethereum,1052.7
2018-01-26,ripple,1.31
2018-01-27,ethereum,1055.75
2018-01-27,ripple,1.22
2018-01-27,bitcoin,11174.9
2018-01-28,bitcoin,11475.3
2018-01-28,ethereum,1111.78
2018-01-28,ripple,1.22
2018-01-29,ethereum,1246.7
2018-01-29,bitcoin,11755.5
2018-01-29,ripple,1.4
2018-01-30,ethereum,1184.13
2018-01-30,ripple,1.33
2018-01-30,bitcoin,11306.8
2018-01-31,ethereum,1071.09
2018-01-31,ripple,1.13
2018-01-31,bitcoin,10108.2
2018-02-01,ripple,1.16
2018-02-01,bitcoin,10237.3
2018-02-01,ethereum,1119.37
2018-02-02,ripple,0.960642
2018-02-02,ethereum,1035.77
2018-02-02,bitcoin,9142.28
2018-02-03,ethereum,919.21
2018-02-03,bitcoin,8852.12
2018-02-03,ripple,0.891992
2018-02-04,bitcoin,9175.7
2018-02-04,ethereum,964.67
2018-02-04,ripple,0.913418
2018-02-05,ethereum,834.96
2018-02-05,ripple,0.825943
2018-02-05,bitcoin,8270.54
2018-02-06,bitcoin,7051.75
2018-02-06,ethereum,707.74
2018-02-06,ripple,0.705121
2018-02-07,bitcoin,7755.49
2018-02-07,ethereum,790.43
2018-02-07,ripple,0.774576
2018-02-08,bitcoin,7637.86
2018-02-08,ethereum,755.84
2018-02-08,ripple,0.729252
2018-02-09,ethereum,818.48
2018-02-09,bitcoin,8271.84
2018-02-09,ripple,0.79714
2018-02-10,bitcoin,8720.08
2018-02-10,ripple,0.947251
2018-02-10,ethereum,882.47
2018-02-11,ethereum,859.29
2018-02-11,bitcoin,8616.13
2018-02-11,ripple,1.07
2018-02-12,ripple,1.01
2018-02-12,bitcoin,8141.43
2018-02-12,ethereum,817.51
2018-02-13,ripple,1.08
2018-02-13,bitcoin,8926.72
2018-02-13,ethereum,869.29
2018-02-14,ripple,1.03
2018-02-14,bitcoin,8599.92
2018-02-14,ethereum,844.28
2018-02-15,ripple,1.14
2018-02-15,bitcoin,9488.32
2018-02-15,ethereum,923.73
2018-02-16,bitcoin,10135.7
2018-02-16,ethereum,934.79
2018-02-16,ripple,1.14
2018-02-17,ripple,1.14
2018-02-17,bitcoin,10207.5
2018-02-17,ethereum,944.75
2018-02-18,ethereum,973.35
2018-02-18,bitcoin,11123.4
2018-02-18,ripple,1.2
2018-02-19,bitcoin,10552.6
2018-02-19,ripple,1.12
2018-02-19,ethereum,921.67
2018-02-20,ethereum,943.57
2018-02-20,ripple,1.14
2018-02-20,bitcoin,11231.8
